{"cameraMode":{"drawMode":0,"name":"Shaded","section":"Shading Mode"},"sceneLighting":true,"audioPlay":false,"sceneViewState":{"showFog":true,"showMaterialUpdate":false,"showSkybox":true,"showFlares":true,"showImageEffects":true,"showParticleSystems":true},"in2DMode":false,"pivot":{"x":428.78369140625,"y":810.921875,"z":41.5625},"rotation":{"x":0.043486133217811587,"y":-0.0029971625190228225,"z":0.0001304594916291535,"w":0.999049961566925},"size":432.59722900390627,"orthographic":true}